<?xml version="1.0" encoding="UTF-8"?>
<!DOCTYPE suite SYSTEM "http://testng.org/testng-1.0.dtd">
<suite name="AutomationTestSuite">
<listeners>
	<listener class-name="com.KredSafe.CustomListener.Listener"></listener>
</listeners>
  <test name="Regression Test">
	<classes>
			<class name="TestSuite.TC21_VerifyFormpaymentwhenprofilenotcompleted"/>
		<class name="TestSuite.TC23_VerifyPendingActivity"/>
		<class name="TestSuite.TC24_VerifyFormpaymentwhenprofilenotcompletedfromnotification"/>
		<class name="TestSuite.TC20_VerifyRenewSubscriptionprocess"/>
		 <class name="TestSuite.TC08_VerifyFormpayment"/>
		 <class name="TestSuite.TC10_VerifySubscriptionprocess"/>
		 
		
	</classes>
  </test> <!-- Test -->
</suite> <!-- AutomationSuite -->